Gênero/Especie,Nome_popular,Família_Botânica,Tipo,Hábitat,Região
"Clistax brasiliensis","","Acanthaceae","Subarbusto","Mata de galeria","AM, PA, MA, CE, BA, MT, GO, DF, MS, MG, SP, RJ, PR, SC, RS"
"Justicia lanstyakii","","Acanthaceae","Erva, subarbusto","Mata de galeria, cerrado (lato sensu), campo sujo, campo limpo","MT, GO, DF"
"Justicia phyllocalyx","","Acanthaceae","Subarbusto","Campo Sujo, Campo Úmido","MT, GO, MG"
"Lepidagathis floribunda","","Acanthaceae","Arbusto","Mata de galeria, mata seca (de encosta), cerradão, cerrado (lato sensu)","TO, BA, MT, GO, DF, MS, MG, SP"
"Ruellia affinis","","Acanthaceae","Subarbusto , trepadeira","Mata de galeria, mata seca, campo rupestre (lato sensu), transição com mata atlântica,","BA"
"Ruellia geminiflora","","Acanthaceae","Subarbusto , erva","Borda de mata ciliar, cerradão, cerrado (stricto sensu), campo sujo, campo limpo, campo rupestre (lato sensu), savanas amazônicas, área antrópica,","AM, PA, MA, CE, BA, MT, GO, DF, MS, MG, SP, RJ, PR, SC, RS"
"Ruellia incomta","","Acanthaceae","Subarbusto","Borda de mata ciliar, cerrado (stricto sensu), campo sujo, campo rupestre (lato sensu)","RO, BA, MT, GO, DF, MG"
"Ruellia puri","Ruélia azul","Acanthaceae","Subarbusto","Mata de galeria, cerrado (lato sensu), campo limpo, campo rupestre (lato sensu)","PA, RO, MT, GO, DF, MG, SP"
"Ruellia simplex","Ruélia azul","Acanthaceae","Arbusto","Mata, savanas amazônicas","MT, SP, RS"
"Ruellia villosa","","Acanthaceae","Subarbusto","Mata de galeria, cerrado (stricto sensu), campo úmido, campo rupestre (lato sensu)","BA, GO, DF, MG"
"Alstroemeria plantaginea","","Alstroemeriaceae","Erva","Mata, Cerrado Rupestre, Campo Sujo, Campo Rupestre (lato sensu)","BA, MG, SP"
"Alstroemeria stenopetala","","Alstroemeriaceae","Erva","Cerradão, Cerrado (stricto sensu), Campo Úmido","GO, DF"
"Gomphrena arborescens","Para-tudo","Amaranthaceae","Subarbusto","Cerrado (stricto sensu), Campo Sujo, Campo Rupestre (lato sensu)","MT, DF, MS, MG, SP"
"Gomphrena scapigera","","Amaranthaceae","Subarbusto","Cerrado (stricto sensu), Campo Sujo, Campo Rupestre (lato sensu)","BA, MG"
"Anacardium humile","cajuí","Anacardiaceae","Arbusto","Campo Sujo, Campo Rupestre (stricto sensu)","TO, RO, PI, BA, MT, GO, DF, MS, MG, SP, PR"
"Anacardium occidentale","Cajueiro","Anacardiaceae","Árvore","Mata Ciliar, Cerradão, Cerrado (stricto sensu), Campo Sujo, Savanas Amazônicas","RR, AP, PA, AM, TO, AC, MA, PI, CE, RN, PB, PE, BA, AL, SE, MT, GO, DF, MG, ES, SP, RJ, PR, SC"
"Lithrea molleoides","Aroeira","Anacardiaceae","Árvore","Mata de Galeria, Mata Seca Semidecídua, Transição com Cerrado (lato sensu)","BA, MT, GO, DF, MS, MG, SP, PR, SC, RS"
"Myracrodruon urundeuva","Aroeira","Anacardiaceae","Árvore","Mata Ciliar, Mata Seca (Semidecídua, Decídua), Carradão, Cerrado (stricto sensu)","BA, MT, GO, DF, MS, MG, SP, PR, SC, RS"
"Schinus terebinthifolius","Aroeira vermelha","Anacardiaceae","Arbusto","Cerrado (stricto sensu), Área antrópica","PE, BA, MG, SP, RJ, PR, SC, RS"
"Tapirira guianensis","Camboatá, paupombo","Anacardiaceae","Árvore","Mata ciliar, mata de galeria, mata seca semidecídua, cerradão, cerrado denso, vereda, savanas amazônicas","PA, AM, TO, AC, RO, MA, PI, CE, RN, PB, PE, BA, AL, SE, MT, GO, DF, MS, MG, ES, SP, RJ, PR, SC"
"Annona crassiflora","Araticum grande, pinha-do-cerrado","Annonaceae","Árvore","Mata de Galeria, Cerradão, Cerrado (stricto sensu), Vereda","PA, TO, MA, BA, MT, GO, DF, MS, MG, SP, PR"
"Annona monticola","Marolo","Annonaceae","Arbusto","Cerrado (stricto sensu), Campo Sujo","MT, GO, DF, MG, SP"
"Cardiopetalum calophyllum","Pindaíba vermelha, embira","Annonaceae","Árvore","Mata de Galeria, Cerradão, Cerrado (stricto sensu), Campo Sujo","PA, AM, TO, AC, RO, PI, RN, MT, GO, DF, MG"
"Duguetia fufuracea","Araticum, Marolo","Annonaceae","Arbusto","Borda de Mata de Galeria, Cerradão, Cerrado (stricto sensu)","RO, CE, PE, BA, MT, GO, DF, MS, MG, SP, RJ, PR"
"Xylopia aromatica","Pimentade-macaco, Pindaíba, Embira ","Annonaceae","Árvore"," Mata Ciliar, Mata Seca, Cerradão, Cerrado (stricto sensu), Vereda, Savanas amazônicas","RR, AP, PA, AM, TO, RO, MA, PI, BA, MT, GO, DF, MS, MG, SP, PR"
"Xylopia emarginata","Envira, Pindaíba","Annonaceae","Árvore","Mata Ciliar, Mata de Galeria Inundável","AP, PA, AM, RO, PI, BA, MT, GO, DF, MS, MG, SP, RJ"
"Xylopia sericea","Pimenta-de-macaco","Annonaceae","Árvore","Mata de Galeria, Mata Seca, Cerradão","RR, PA, AM, RO, MA, PI, CE, PE, BA, MT, GO, DF, MG, ES, RJ, PR"
"Allamanda angustifolia","Alamanda","Apocynaceae","Subarbusto","Cerrado ralo, campo sujo, campo limpo, campo rupestre (stricto sensu)","GO"
"Aspidosperma macrocarpon","Peroba, pereiro","Apocynaceae","Árvore","Mata Seca Semidecídua, Cerradão, Cerrado (stricto sensu)","AP, PA, AM, TO, AC, RO, MA, PI, BA, MT,
GO, DF, MS, MG, SP"
"Aspidosperma tomentosum","Guatambú-do-cerrado, peroba-do-campo","Apocynaceae","Árvore","Mata Seca, Cerradão, Cerrado (stricto sensu)","AC, MA, PI, PE, BA, MT, GO, DF, MS, MG, SP, RJ, PR, SC"
"Barjonia cymosa","","Apocynaceae","Subarbusto","Cerrado (stricto sensu), campo rupestre (lato sensu)","RO, MT, GO, MS"
"Hancornia speciosa","Mangaba","Apocynaceae","Árvore","Cerradão, cerrado (stricto sensu), campo sujo, savanas amazônicas","AM, PA, AM, TO, RO, MA, PI, RN, PB, PE, BA, AL, SE, MT, GO, DF, MS, MG, ES, SP, RJ, PR"
"Himatanthus obovatus","Pau-de-leite","Apocynaceae","Árvore","Cerradão, cerrado (stricto sensu), savanas amazônicas","PA, TO, RO, MA, PI, BA, SE, MT, GO, DF, MS, MG, SP"
"Macroditassa adnata","","Apocynaceae","Subarbusto  , trepadeira","Borda de mata ciliar, campo rupestre (lato sensu)","PE, BA, MT, GO, DF, MS, MG, SP, PR"
"Mandevilla velame","Velame-branco","Apocynaceae","Subarbusto","Cerrado (stricto sensu), Campo Sujo","GO, DF, MG, SP, RS"
"Mandevilla antennacea","","Apocynaceae","Trepadeira ","Mata de galeria, mata","AC, MT, DF"
"Mandevilla hirsuta","","Apocynaceae","Trepadeira","Borda de mata de galeria, margem de córrego, cerrado (lato sensu), savanas amazônicas","RR, PA, AM, AC, RO, MA, PI, CE, PE, BA, AL, MT, GO, DF, MS, MG, ES, SP, RJ, PR"
"Mandevilla illustris","Jalapa, jalapa do campo","Apocynaceae","Subarbusto","Cerrado (stricto sensu), Campo Sujo","BA, MT, GO, DF, MG, SP, PR, RS"
"Mandevilla martiana","","Apocynaceae","Trepadeira","Mata Ciliar","BA, MG"
"Mandevilla myriophylla","Batata-de-vaqueiro","Apocynaceae","Erva","Mata Ciliar, Mata de Galeria, Campo Limpo, Campo Úmido, Brejo","GO, DF"
"Mandevilla tenuifolia","Batata-de-vaqueiro","Apocynaceae","Subarbusto"," Borda de Mata de Galeria, Vereda, Campo Sujo,
Campo Limpo, Campo Rupestre (lato sensu), Brejo"," PA, PB, BA, MT, GO, DF, MG, SP, RJ"
"Odontadenia lutea","Flor-de-veado","Apocynaceae","Trepadeira","Cerradão, cerrado (stricto sensu), vereda, campo sujo, campo limpo","PA, AM, BA, MT, GO, DF, MG, SP, RJ"
"Oxypetalum erectum","","Apocynaceae","Arbusto","Borda de mata de galeria, cerrado, Capoeira","RO, BA, MT, GO, DF, MG, SP, PR, SC, RS"
"Prestonia coalita","","Apocynaceae","Trepadeira","Mata de galeria, mata seca, cerrado (lato sensu), campo rupestre (lato sensu)","AC, CE, MT, MG, ES, SP, RJ, PR, SC"
"Prestonia erecta","","Apocynaceae","Subarbusto","Cerradão, cerrado (stricto sensu), campo sujo","PA, TO, MA, PI, BA, MT, GO, DF, MS, MG, SP, PR"
"Schubertia grandiflora","Cipó-de-leite","Apocynaceae","Trepadeira ","Borda de mata de galeria, cerrado (lato sensu)","PA, AM, TO, RO, MA, PI, CE, PB, PE, BA, MT, GO, DF, MS, MG, SP, PR"
"Stipecoma peltigera","","Apocynaceae","Trepadeira","Cerradão, cerrado (stricto sensu), campo rupestre (lato sensu), carrasco","BA, MT, GO, MG"
"Tabernaemontana hystrix","Leiteira","Apocynaceae","Arbusto","Cerrado (stricto sensu), Área antrópica, Ruderal","BA, MG, ES, SP, RJ"
"Temnadenia violacea","","Apocynaceae","Trepadeira","Mata de Galeria, Cerradão, Cerrado (stricto sensu)","MA, CE, PE, BA, SE, GO, DF, MG, SP, RJ, PR"
"Dendropanax cuneatus","Pau-de-tamanco","Araliaceae","Árvore","Mata ciliar, mata de galeria","PA, TO, AC, RO, BA, MT, DF, MS, MG, ES, SP, RJ, PR, SC, RS"
"Schefflera macrocarpa","Mandiocão","Araliaceae","Árvore","Borda de mata de galeria, cerradão, cerrado (stricto sensu), campo rupestre (lato sensu), carrasco","BA, MT, GO, DF, MG, SP"
"Acrocomia aculeata","Macaúba","Arecaceae","Arbórea","Mata seca, cerradão, cerrado (lato sensu), palmeiral, área antrópica","RO, PA, AM, TO, MA, CE, BA, GO, MS, MG, SP, PR"
"Attalea brasiliensis","Babaçu","Arecaceae","Arbórea","Mata de galeria, mata seca, cerrado (lato sensu)","GO, DF"
"Attalea geraensis","Andaia, indaiá","Arecaceae","arbusto","Mata seca, cerrado (stricto sensu), área antrópica","BA, GO, MG, SP"
"Butia archeri","Butiá","Arecaceae","arbusto","Cerradão, cerrado (stricto sensu), campo sujo, campo úmido","GO, MG, SP"
"Geonoma brevispatha","Ubim, cana-preta","Arecaceae","arbusto","Mata de galeria","PA, TO, AC, RO, BA, GO, DF, MS, MG"
"Mauritia flexuosa","Buriti","Arecaceae","Arbórea","Mata ciliar, mata de galeria, vereda, palmeiral, brejo, savanas amazônicas","AM, TO, AC, RO, MA, PI, CE, BA, MG, SP"
"Mauritiella armata","Buritirana, Caranã","Arecaceae","Arbórea","Mata ciliar, mata de galeria inundável, vereda, palmeiral, brejo, savanas amazônicas","RR, PA, AM, TO, AC, RO, PI, PE, BA, MT, GO, MG"
"Syagrus comosa","Catolé","Arecaceae","arbusto","Borda de mata de galeria, cerradão, cerrado (ralo rupestre), campo sujo","PA, TO, PI, BA, MT, GO, MG"
"Syagrus flexuosa","Acumã, coco-babão ","Arecaceae","arbusto","Borda de mata de galeria, cerradão, cerrado (stricto sensu), campo sujo","TO, BA, MT, GO, DF, MS, MG, SP"
"Syagrus glaucescens","Coco-de-pedra, palmeirinha azul","Arecaceae","arbusto","Cerrado (lato sensu), campo rupestre (lato sensu)","MG"
"Syagrus petraea","Ariri, tucum-de-índio","Arecaceae","arbusto"," Cerradão, cerrado (stricto sensu), campo sujo,
campo limpo, carrasco",""
"Syagrus romanzoffiana","Gerivá, jerivá","Arecaceae","Arbórea","Mata de galeria, mata seca, cerradão, cerrado (lato sensu)","BA, GO, MS, MG, ES, SP, RJ, PR, SC, RS"
"Aristolochia galeata","milhomens, papo-de-peru","Aristolochiaceae","Trepadeira arbusto","Mata ciliar, mata seca semidecídua, cerrado (lato sensu), área antrópica","TO, CE, GO, DF, MG, ES, SP, RJ"
"Achyrocline alata","Macela, macela-do-brejo","Asteraceae","Subarbusto","Cerrado (lato sensu), vereda, campo sujo, campo limpo, campo úmido, brejo","BA, GO, DF, MG, SP, RJ, PR, SC, RS"
"Achyrocline satureioides","Macela","Asteraceae","Erva ","Borda de mata, cerrado (lato sensu), vereda, campo sujo, campo limpo, campo rupestre (lato sensu), brejo","BA, MG, SP, RJ, PR, SC, RS"
"Aspilia foliacea","Bem-me-quer","Asteraceae","Erva","Cerrado (stricto sensu), campo sujo, campo limpo, campo úmido, campo rupestre (lato sensu), ambiente rupestre, área antrópica","RO, MT, GO, DF, MS, MG, SP, PR, RS"
"Baccharis dracunculifolia","alecrim-de-vassoura, vassourinha","Asteraceae","Arbusto","Mata, cerrado (lato sensu)","GO, DF, MS, MG, ES, SP, RJ, PR, SC, RS"
"Chresta curumbensis","","Asteraceae","Erva","Mata de galeria, cerrado (stricto sensu), campo limpo","MT, GO, DF, MG"
"Chresta sphaerocephala","João-bobo","Asteraceae","Erva , arbusto","Cerradão, cerrado (stricto sensu), campo sujo, campo rupestre (stricto sensu)","BA, GO, DF, MS, MG, SP, PR"
"Eremanthus glomeratus","Coração-de-negro","Asteraceae","Árvore","Cerradão, cerrado (stricto sensu), campo sujo, campo rupestre (stricto sensu)","BA, GO, DF, MG"
"Ichthyothere connata","","Asteraceae","Subarbusto","Cerrado (stricto sensu), campo sujo, campo rupestre (stricto sensu)","GO"
"Ichthyothere elliptica","","Asteraceae","Erva","Cerrado (stricto sensu), campo sujo, campo rupestre (stricto sensu)","GO"
"Lepidaploa aurea","Assa-peixe","Asteraceae","Subarbusto","Borda de mata de galeria, cerrado ralo, campo sujo, campo limpo, campo rupestre (lato sensu)","TO, BA, MT, GO, DF, MG, SP, RJ"
"Lepidaploa cotoneaster","","Asteraceae","Arbusto","Cerrado (lato sensu), campo rupestre (stricto sensu), restinga","BA, MG, SP"
"Lychnophora pinaster","Arnica","Asteraceae","Arbusto","Campo limpo, campo rupestre (lato sensu)","MG"
"Lychnophora salicifolia","Arnica","Asteraceae","Arvoreta","Cerrado (lato sensu), campo úmido, campo limpo, campo rupestre (lato sensu), carrasco","BA, GO, DF, MG"
"Lychnophora sellowii","Arnica","Asteraceae","Arbusto","Campo limpo, campo rupestre (lato sensu)","MG"
"Lychnophora triflora","Arnica","Asteraceae","Arbusto","Campo rupestre (lato sensu)","BA"
"Lychnophora villosissima","Arnica","Asteraceae","Arbusto","Cerrado (lato sensu), Campo rupestre (lato sensu)","MG"
"Mikania argyreae","","Asteraceae","Trepadeira","Mata ciliar, transição com mata atlântica","BA, MG, SP, RJ, PR"
"Mikania sessilifolia","Guaco","Asteraceae","Subarbusto","Mata de galeria, campo sujo, campo úmido, Campo rupestre (lato sensu)","BA, MT, DF, MG, SP, PR, SC"
"Paralychnophora harleyi","","Asteraceae","Arbusto","Campo rupestre (lato sensu)","BA"
"Piptocarpha rotundifolia","Coração-de-negro","Asteraceae","Arvoreta","Cerrado (stricto sensu), campo sujo, savanas amazônicas","RO, BA, MT, GO, DF, MS, MG, SP"
"Pseudobrickellia brasiliensis","","Asteraceae","Arbusto","Borda de Mata de Galeria, Cerrado (stricto sensu), Campo Sujo, Campo Rupestre (lato sensu), Área Antrópica, Carrasco","AM, TO, RO, PI, CE, BA, MT, GO, DF, MS, MG, SP"
"Begonia grisea","Begônia","Begoniaceae","Erva ","Mata ciliar, cerrado (lato sensu), Campo rupestre (lato sensu), carrasco","PE, BA, MG"
"Adenocalymma nodosum","Carobinha-do-campo","Bignoniaceae","Trepadeira","Mata seca semidecidua, cerradão, cerrado (lato sensu)","TO, PI, MT, GO, MG, RJ"
"Adenocalymma pedunculatum","","Bignoniaceae","Subarbusto","Cerrado (stricto sensu), campo sujo","PA, TO, MA, BA, MT, GO, MG, ES, SP"
"Adenocalymma peregrinum","Ciganinha","Bignoniaceae","Subarbusto","Cerrado (stricto sensu), campo sujo","MT, GO, MS, MG, SP, RJ, PR, DF"
"Anemopaegma arvense","Alecrim-do-campo, catuaba","Bignoniaceae","Subarbusto","Cerrado ralo, Campo sujo rupestre (stricto sensu)","TO, RO, MA, BA, MT, GO, MS, MG, SP, RJ, PR"
"Anemopaegma glaucum","Catuaba","Bignoniaceae","Subarbusto"," Cerrado
(stricto sensu), campo sujo","PA, TO, RO, MA, PI, BA, MT, GO, DF, MS, MG, SP"
"Fridericia platyphylla","Tinteiro","Bignoniaceae","Subarbusto","Borda de mata de galeria, cerradão, cerrado (stricto sensu), campo rupestre (lato sensu)","RR, PA, AM, TO, AC, RO, MA, PI, CE, PB, BA, MT, GO, DF, MS, MG, ES, SP, RJ, PR"
"Fridericia florida","Cipó-cheiroso","Bignoniaceae","Trepadeira","Mata de galeria, cerradão, cerrado (lato sensu)","RR, AP, PA, AM, TO, AC, RO, MA, PI, BA, MT, GO, DF, MS, MG, SP, PR"
"Cuspidaria pulchra","","Bignoniaceae","Trepadeira","Mata ciliar, mata de galeria, cerradão, cerrado (lato sensu), carrasco","GO, DF, MG, SP, RJ, PR"
"Cuspidaria floribunda","","Bignoniaceae","Trepadeira","Mata ciliar, capoeira","AM, AC, RO, MT, GO, MS, MG, SP, RJ"
"Cybistax antisyphilitica","ipê-mirim, ipê-verde","Bignoniaceae","Árvore","Cerradão, cerrado (stricto sensu), campo sujo, savanas amazônicas","PA, TO, MA, PI, CE, BA, MT, GO, DF, MS, MG, ES, SP, RJ, PR, SC, RS"
"Amphilophium elongatum","","Bignoniaceae","Trepadeira","Mata ciliar, capoeira","RO, AM, PA, AM, TO, RR, BA, MT, GO, MS, MG, SP, PR"
"Jacaranda caroba","Caroba","Bignoniaceae","Arbusto","Borda de mata de galeria, cerradão, cerrado (stricto sensu), campo sujo, campo rupestre (lato sensu), savanas amazônicas","BA, GO, DF, MG, SP"
"Jacaranda cuspidifolia","Caroba, guazú","Bignoniaceae","Árvore","Mata ciliar, mata seca, cerrado (lato sensu)","MT, GO, DF, MG, SP"
"Jacaranda grandifoliolata","Caroba, carobinha","Bignoniaceae","arbusto","Mata, campo rupestre (lato sensu)","BA"
"Jacaranda irwinii","Caroba","Bignoniaceae","Arbusto","Mata, campo rupestre (lato sensu), carrasco","BA"
"Jacaranda macrantha","Carobinha, caroba","Bignoniaceae","Árvore","Mata","MG, ES, SP, RJ"
"Jacaranda crystallana","Carobinha","Bignoniaceae","Arbusto","Borda de mata de galeria, cerrado (stricto sensu), campo","BA, MT, GO, DF, MG"
"Bignonia corymbosa","","Bignoniaceae","Trepadeira","Mata de galeria, cerradão, cerrado (lato sensu)","PA, AM, TO, AC, RO, MA, PI, CE, BA, MT, GO, MS, MG, ES, RJ"
"Pyrostegia venusta","Cipó-de-são-joão","Bignoniaceae","Trepadeira","Mata ciliar, mata seca semidecídua, cerrado (lato sensu), ruderal, cultivada","RR, AP, PA, AM, TO, AC, RO, MA, PI, CE, RN, PB, PE, BA, AL, SE, MT, GO, DF, MS, MG, ES, SP, RJ, PR, SC, RS"
"Tabebuia aurea","ipê-amarelo, pau d’arco","Bignoniaceae","Árvore","Mata de galeria, mata seca, cerradão, cerrado (lato sensu), savanas amazônicas","AP, PA, AM, TO, MA, PI, CE, RN, PB, PE, BA, AL, SE, MT, GO, DF, MS, MG, SP, PR"
"Handroanthus heptaphyllus","Piúva","Bignoniaceae","Árvore","Mata ciliar, mata de galeria, transição com mata atlântica","BA, MT, GO, DF, MG, ES, SP, RJ, PR, SC, RS"
"Handroanthus impetiginosus","Ipê-roxo","Bignoniaceae","Árvore","Mata ciliar, mata seca (semidecídua, decídua)","PA, TO, MA, PI, CE, RN, PB, PE, BA, AL, SE, MT, GO, DF, MS, MG, ES, SP, RJ"
"Handroanthus ochraceus","Ipê-amarelo-do-cerrado, piúvacascuda","Bignoniaceae","Árvore","Cerradão, cerrado (sensu stricto), campo com Murundus, campo rupestre (lato sensu), savanas amazônicas","PA, TO, MA, PI, CE, PB, BA, MT, GO, DF, MS, MG, ES, SP, RJ, PR"
"Tabebuia roseoalba","Ipê-branco","Bignoniaceae","Árvore","Mata de galeria não inundável, mata seca","PA, TO, MA, PI, CE, RN, PB, PE, BA, AL, SE, MT, GO, DF, MS, MG, ES, SP, RJ"
"Zeyheria montana","Bolsa de pastor, mandioquinha do campo","Bignoniaceae","Arvoreta , arbusto","Cerrado (stricto sensu), campo sujo, campo rupestre (lato sensu)","PA, TO, MA, PI, BA, MT, GO, DF, MG, SP, PR"
"Bixa orellana","Urucum","Bixaceae","Árvore","Mata de galeria, mata, cerrado","RR, AP, PA, AM, TO, AC, RO, CE, BA, MT, GO, MG, ES, SP, RS"
"Cochlospermum regium","Algodão-do-campo","Bixaceae","Arbusto","Mata ciliar, cerrado (lato sensu)","AP, AM, MA, RN, MT, GO, DF, MS, MG, PR"
"Aechmea bromeliifolia","Bromélia","Bromeliaceae","Erva , ","Mata, cerradão, cerrado (lato sensu)","RR, AP, PA, AM, TO, AC, RO, MA, CE, PB, BA, MT, GO, DF, MS, MG, SP, PR, SC, RS"
"Ananas ananassoides","Abacaxizinho","Bromeliaceae","Erva","Borda de mata de galeria, cerradão, cerrado (stricto sensu), vereda, savanas amazônicas","AP, PA, AM, TO, RO, CE, PB, MT, GO, DF, MS, MG, ES, SP, RJ, PR"
"Dyckia trichostachya","","Bromeliaceae","Erva","Cerrado (lato sensu)","MG, ES"
"Orthophytum amoenum","","Bromeliaceae","Erva","Campo rupestre (lato sensu)","BA"
"Tillandsia streptocarpa","","Bromeliaceae","Erva , ","Mata seca, cerrado (lato sensu), Campo rupestre (lato sensu)","PI, RN, PB, PE, BA, AL, MG, SP, PR, RS"
"Vriesea atra","","Bromeliaceae","Erva","Campo rupestre (lato sensu)","RJ"
"Cordia glabrata","Louro-preto","Boraginaceae","Árvore","Mata ciliar, mata de galeria, mata seca, cerradão, cerrado (lato sensu)","PA, PI, BA, MT, GO, MS, MG"
"Cordia superba","Babosa-branca","","Subarbusto","Mata de galeria, transição com cerrado (lato sensu)","MA, PE, BA, MG, RJ, PR"
"Protium ovatum","Breu","Burseraceae","Arbusto","Borda de mata ciliar, mata seca decídua, cerrado (stricto sensu), campo sujo, carrasco","BA, MT, GO, DF, MG, SP"
"Cipocereus minensis","Rabo-de-raposa, Quiabo-do-inferno","Cactaceae","Arbusto","Campo rupestre (lato sensu), carrasco","MG"
"Discocactus placentiformis","","Cactaceae","Erva","Campo rupestre (lato sensu)","MG"
"Micranthocereus estevesii","","Cactaceae","Arbusto","Mata seca, campo rupestre (lato sensu)","TO, GO, MG"
"Micranthocereus purpureus","","Cactaceae","Arbusto","Cerrado (lato sensu), Campo rupestre (lato sensu), ambiente rupestre, transição com caatinga","BA"
"Pereskia aculeata","Surucurú, ora-pro-nobis","Cactaceae","Árvore","Cerrado, Mata galeria, transição com caatinga","AL, BA, ES, GO, MA, MG, PE, PR, RJ, SC, SE, SP"
"Pilosocereus diersianus","","Cactaceae","Arbusto","Mata seca, campo rupestre (lato sensu)","BA, MG"
"Pilosocereus pachycladus","Facheiro, Mandacaru-de-facho","Cactaceae","Arbusto","Mata seca, cerrado rupestre, campo rupestre (lato sensu), transição com caatinga","PI, CE, RN, PB, PE, BA, AL, MG"
"Pilosocereus vilaboensi","","Cactaceae","Arbusto","Mata seca, campo rupestre (lato sensu)","GO"
"Centropogon cornutus","Aninga","Campanulaceae","Arbusto","Mata de galeria, vereda, campo sujo, campo rupestre (lato sensu), brejo","RR, PA, AM, AC, RO, PE, BA, MT, GO, DF, MS, MG, ES, SP, RJ"
"Siphocampylus imbricatus","","","Subarbusto","Mata ciliar, mata seca (de encosta), campo rupestre (lato sensu)","BA, MG"
"Siphocampylus lycioides","","","Erva","Campo limpo","GO, SP, PR"
"Trema micrantha","Grandiúva","Cannabaceae","Árvore","Mata de galeria, transição com cerrado, área antrópica,","RR, AP, PA, AM, TO, AC, RO, MA, PI, CE, RN, PB, PE, BA, AL, SE, MT, GO, DF, MS, MG, ES, SP, RJ, PR, SC, RS"
"Caryocar brasiliense","Pequi","Caryocaraceae","Árvore","Cerradão, cerrado (stricto sensu), campo sujo, campo com murundus, carrasco","PA, TO, MT, GO, DF, MG, SP, PR"
"Cheiloclinium cognatum","Bacupari-da-mata","Celastraceae","Árvore","Mata ciliar, mata de galeria","RR, AP, PA, AM, TO, AC, RO, MA, PI, PE, BA, AL, MT, GO, DF, MS, MG, ES, SP, RJ"
"Plenckia populnea","Marmeleiro","Celastraceae","Árvore","Mata de galeria, cerradão, cerrado (stricto sensu), campo com murundus","BA, MT, GO, DF, MG, SP, PR"
"Salacia crassifolia","Bacupari","Celastraceae","Arvoreta , arbusto","Borda de mata ciliar, cerrado (stricto sensu)","TO, RO, PI, BA, MT, GO, DF, MS, MG, SP, RJ"
"Hirtella glandulosa","","Chrysobalanaceae","Árvore","Mata ciliar, mata de galeria, cerradão, transição com cerrado (stricto sensu), campo rupestre, (lato sensu), savanas amazônicas","AP, PA, AM, MA, PI, CE, BA, MT, GO, DF, MS"
"Hirtella gracilipes","Bosta-de-cabra","Chrysobalanaceae","Árvore","Mata ciliar, mata de galeria, cerradão","PA, TO, RO, PI, BA, MT, GO, DF, MS, MG, SP, RJ"
"Licania humilis","","Chrysobalanaceae","Árvore","Cerradão, cerrado (stricto sensu), campo rupestre (lato sensu)","RO, BA, MT, GO, DF, MS, MG, SP"
"Calophyllum brasiliense","Guanandi, Jacareúba","Clusiaceae","Árvore","Mata ciliar, mata de galeria","RR, PA, AM, AC, MT, GO, MG, ES, SP, RJ, PR, SC"
"Clusia burchellii","Gameleira","Clusiaceae","Árvore","Mata de galeria, mata seca, cerrado (lato sensu)","GO"
"Clusia gardneri","","Clusiaceae","Árvore","Mata de galeria, cerrado (lato sensu)","GO"
"Clusia nemorosa","Apuí, Mucugê-bravo","Clusiaceae","Árvore","Mata ciliar, mata de galeria (de encosta), campo rupestre (lato sensu), savanas amazônicas","RR, AP, PA, AM, CE, PE, BA, AL, SE, MT, GO, DF, MG, ES, RJ"
"Clusia weddelliana","","Clusiaceae","Árvore","Mata ciliar","PA, TO, AC, RO, MA, CE, MT, GO, DF"
"Kielmeyera coriacea","Pau-santo","Clusiaceae","Árvore","Mata de galeria, cerradão, cerrado (stricto sensu)","PA, AM, RO, BA, MT, GO, DF, MS, MG, SP, PR"
"Kielmeyera neriifolia","","Clusiaceae","Subarbusto","Cerrado (stricto sensu), campo rupestre (lato sensu), carrasco","MA, PI, CE, RN, PB, PE, AL, SE, BA, GO, MG"
"Kielmeyera rubriflora","Rosa-do-campo","Clusiaceae","Arbusto","Cerrado (stricto sensu), campo úmido, campo rupestre (lato sensu)","PA, RO, BA, MT, GO, DF, MS, MG, SP"
"Kielmeyera speciosa","Pau-santo","Clusiaceae","Árvore","Mata ciliar, Cerrado (stricto sensu), campo rupestre (lato sensu)","GO, DF, MG"
"Terminalia fagifolia","Capitão-do-mato, Cambiú, Maçambê","Combretaceae","Árvore","Mata seca, cerradão, cerrado (stricto sensu), campo rupestre (lato sensu)","MA, PI, CE, BA, MT, GO, DF, MS, MG"
"Dichorisandra villosula","","Commelinaceae","Erva , trepadeira","Mata de galeria, cerrado (lato sensu), brejo, transição com pantanal","PA, AM, TO, AC, RO, MG"
"Tripogandra diuretica","","Commelinaceae","Erva","Mata de galeria, brejo","AM, MA, PE, BA, MT, DF, MG, SP, RJ, SC, RS"
"Connarus suberosus","Araruta-do-campo","Connaraceae","Arbusto","Cerrado (stricto sensu), campo sujo, carrasco","PA, TO, MA, PI, BA, MT, GO, DF, MS, MG, SP"
"Rourea induta","Chapeudinha, Pau de porco","Connaraceae","Arvoreta","Cerrado (stricto sensu), campo sujo, campo com murundus, campo rupestre (lato sensu)","PA, TO, RO, MA, PI, CE, PE, BA, MT, GO, DF, MS, MG, SP"
"Bonamia agrostopolis","","Convolvulaceae","Trepadeira","Cerrado, borda de mata","BA, MG, RJ, PR, RS"
"Ipomoea procumbens","Corda-de-viola","Convolvulaceae","Trepadeira","Cerrado (stricto sensu), campo sujo, campo limpo, campo rupestre (stricto sensu)","BA, GO, DF, MG, SP, PR"
"Ipomoea squamisepala","","Convolvulaceae","Subarbusto","Mata de galeria, Cerrado (stricto sensu)","TO, MT, GO, DF, MG"
"Merremia tomentosa","","Convolvulaceae","Subarbusto","Cerrado ralo, campo sujo, campo limpo, campo úmido","MT, GO, DF, MS, MG, SP, PR"
"Jacquemontia linarioides","","Convolvulaceae","Erva, subarbusto","Cerrado, campo","MG, GO"
"Merremia cissoides","","Convolvulaceae","Trepadeira","Borda de mata, cerrado (lato sensu), campo rupestre (lato sensu), savanas amazônicas, área antrópica, daninha","AP, PA, AM, TO, AC, RO, MA, PI, RN, PE, BA, AL, SE, MT, GO, DF, MS, MG, ES, SP, RJ, RS"
"Merremia flagellaris","","Convolvulaceae","Trepadeira","Cerrado (stricto sensu), campo sujo, campo rupestre (lato sensu)","PB, BA, GO, MG"
"Merremia macrocalyx","Corda-de-viola, jatirana","Convolvulaceae","Trepadeira","Mata ciliar, cerrado (lato sensu), campo rupestre (lato sensu), savanas amazônicas, área antrópica, daninha","AP, PA, AM, TO, AC, MA, CE, PB, PE, BA, AL, MT, GO, DF, MG, ES, SP, RJ, PR, SC, RS"
"Merremia umbellata","","Convolvulaceae","Subarbusto , trepadeira","Cerrado (lato sensu)","AM, RO, MA, CE, PE, BA, AL, MT, GO, DF, MS, MG, SP, RJ, PR"
"Bulbostylis paradoxa","","Cyperaceae","Erva ","Cerrado (stricto sensu), cerradão, vereda, campo sujo, campo rupestre (lato sensu), savanas amazônicas","RR, AP, PA, AM, TO, AC, RO, MA, PI, CE, RN, PB, PE, BA, AL, SE, MT, GO, DF, MS, MG, ES, SP, RJ, PR, SC, RS"
"Lagenocarpus rigidus","Capim-arroz","Cyperaceae","Subarbusto","Borda de mata de galeria, cerrado (lato sensu), campo úmido, brejo, campo rupestre","RR, AP, PA, AM, TO, AC, RO, MA, PI, CE, RN, PB, PE, BA, AL, SE, MT, GO, DF, MS, MG, ES, SP, RJ, PR, SC, RS"
"Pteridium aquilinum","","Dennstaedtiaceae","Samambaia das Taperas","Erva, Borda de mata de galeria, Cerrado (lato sensu), campo úmido, área antrópica, daninha","PA, AM, CE, PE, BA, AL, DF, MS, MG, ES, SP, RJ, PR, SC, RS"
"Curatella americana","Lixeira","Dilleniaceae","Árvore","Cerradão, cerrado (stricto sensu), vereda, carrasco, savanas amazônicas","RR, AP, PA, AM, TO, RO, MA, PI, CE, RN, PB, PE, BA, AL, SE, MT, GO, DF, MS, MG"
"Davilla elliptica","Lixeirinha","","Arbusto","Cerrado (stricto sensu), vereda, campo sujo, campo limpo, campo com murundus","PA, TO, RO, MA, PI, BA, MT, GO, DF, MS, MG, SP"
"Drosera montana","Orvalinha","Droseraceae","Erva","Vereda, campo úmido, brejo, campo rupestre (lato sensu)","PB, PE, BA, MT, GO, DF, MS, MG, SP, RJ, PR, SC, RS"
"Drosera communis","Orvalinha","","Erva","Campo limpo úmido, brejo, campo rupestre (lato sensu)","BA, SE, MT, DF, MG, SP, RJ, PR, SC"
"Diospyros hispida","Caqui do mato, Olho de Boi","Ebenaceae","Árvore","Mata ciliar, mata de galeria, cerradão, cerrado (stricto sensu), campo sujo","PA, TO, RO, MA, PI, CE, PB,
PE, BA, AL, MT, GO, DF, MS, MG, ES, SP, RJ, PR"
"Agarista virgata","","Ericaceae","Subarbusto","Campo rupestre (lato sensu)","MG"
"Gaylussacia brasiliensis","Camarinha","Ericaceae","Arvoreta","Mata de galeria, cerrado (lato sensu), vereda, brejo","TO, PE, BA, AL, MT, GO, DF, MG, ES, SP, RJ, PR, SC, RS"
"Actinocephalus polyanthus","Gravatá-do-campo","Eriocaulaceae","Erva","Cerrado (lato sensu), campo rupestre (lato sensu), restinga","BA, GO, DF, MG, SP, RJ, PR, SC, RS"
"Paepalanthus giganteus","Chuveirinho, Sombreiro","Eriocaulaceae","Subarbusto","Cerrado (stricto sensu), vereda, campo sujo, brejo, campo úmido, campo rupestre (stricto sensu)","BA, GO, DF, MG, SP"
"Erythroxilum citrifolium","","Erythroxylaceae","Arbusto","Mata de galeria, cerrado (lato sensu)","RO, AM, PA, AM, RR, MA, CE, PB, PE, BA, AL, MT, GO, MS, MG, ES, SP, RJ"
"Erythroxylum deciduum","Ata-de-cobra, baga-de-pomba, cocão","Erythroxylaceae","Árvore , arvoreta","Mata de galeria, mata ciliar, cerradão, cerrado (stricto sensu), vereda, campo com murundus, campo rupestre (lato sensu)","RO, MA, PI, CE, BA, AL, MT, GO, DF, MS, MG, SP, RJ, PR, SC, RS"
"Erythroxylum suberosum","Mercúrio-do-campo, cabelo-de-negro","Erythroxylaceae","Arvoreta","Cerrado (stricto sensu), verda, campo sujo, campo rupestre (lato sensu), savanas amazônicas, carrasco","RO, AP, PA, AM, TO, RR, MA, PI, CE, PB, PE, BA, AL, MT, GO, DF, MS, MG, ES, SP, RJ, PR"
"Euphorbia potentilloides","","Euphorbiaceae","Erva, subarbusto","Cerrado, campo","BA, MT, GO, MG, SP, PR, RS"
"Cnidoscolus quercifolius","Favela-de-cachorro","Euphorbiaceae","Árvore","Cerrado (stricto sensu)","PI, CE, RN, PB, PE, BA, SE, MG"
"Dalechampia caperonioides","","Euphorbiaceae","Erva","Cerrado (stricto sensu), campo sujo, campo limpo úmido, campo rupestre (stricto sensu)","GO, DF, SP"
"Dalechampia linearis","","Euphorbiaceae","Erva","Cerrado (stricto sensu), campo sujo","PA, TO, PI, GO, RJ, SP, MG, ES"
"Euphorbia sipolisi","","Euphorbiaceae","subarbusto","Campo rupestre","MG"
"Manihot fruticulosa","","Euphorbiaceae","Subarbusto","Cerrado (stricto sensu), campo sujo","GO, MG"
"Manihot peltata","Maniçoba","Euphorbiaceae","Subarbusto","Cerrado (stricto sensu), campo sujo","GO"
"Manihot quinqueloba","","Euphorbiaceae","Subarbusto","Cerrado (stricto sensu), campo sujo, campo rupestre (lato sensu)","MT, GO"
"Manihot salicifolia","","Euphorbiaceae","Subarbusto","Cerrado (stricto sensu), campo rupestre (lato sensu)","MT, GO, MS"
"Manihot violacea","","Euphorbiaceae","Subarbusto","Cerrado (stricto sensu), campo sujo, campo úmido","MT, GO, MG"
"Leptolobium dasycarpum","Cascudinho, unha-d’anta","Fabaceae","Árvore , arvoreta","Borda de mata de galeria, cerradão, cerrado (stricto sensu), campo sujo","TO, RO, MA, PI, CE, BA, MT, GO, DF, MS, MG, SP"
"Anadenanthera colubrina","Angico","Fabaceae","Árvore","Mata de galeria. Mata seca, cerradão","PI, CE, PB, PE, BA, MT, GO, DF, MS, MG, SP, RJ, PR, SC"
"Andira anthelmia","Angelim","Fabaceae","Árvore , arbusto","Mata de galeria, mata ciliar, cerrado (lato sensu)","BA, AL, MG, ES, SP, RJ"
"Andira fraxinifolia","Amargosa, Amargo, Pau-roxo","Fabaceae","Árvore","Mata ciliar, borda de mata de galeria, cerradão, cerrado (denso, típico), savanas amazônicas","PA, AM, TO, RO, MA, PI, CE, PB, PE, BA, MT, GO, DF, MS, MG, SP"
"Andira vermifuga","Angelim, mata-barata","Fabaceae","Árvore, arvoreta","Cerrado (stricto sensu), campo sujo, campo limpo, carrasco","AM, AC, MA, PI, CE, BA, MT, DF, GO, MS, MG, SP"
"Bauhinia curvula","Pata-de-vaca, mororó","Fabaceae","Arbusto , Subarbusto","Borda de Mata de Galeria, Cerradão, Cerrado (stricto sensu)","PA, MT, GO, MS, DF, MG"
"Bauhinia rufa","Pata-de-vaca, mororó","Fabaceae","Subarbusto","Mata ciliar, mata de galeria, cerradão, Cerrado (stricto sensu), campo sujo, Campo rupestre (lato sensu)","GO, DF, MG"
"Bauhinia ungulata","Mororó vermelho","Fabaceae","Arbusto","Mata de galeria, cerrado (lato sensu), transição com Amazônia","RR, AM, PA, AM, TO, AC, RO, MA, PI, CE, MT, GO, DF, MS, MG, SP, RJ"
"Calliandra dysantha","Flor-do-cerrado","Fabaceae","Subarbusto","Cerrado (lato sensu), Campo rupestre (lato sensu)","PI, BA, MT, GO, DF, MS, MG, SP, PR"
"Calliandra mucugeana","","Fabaceae","Arbusto","Campo rupestre (lato sensu)","BA"
"Calliandra viscidula","","Fabaceae","Arbusto","Campo rupestre (lato sensu)","BA"
"Camptosema isopetalum","","Fabaceae","Arbusto","Cerrado (lato sensu)","BA, MG, ES, RJ"
"Camptosema scarlatium","","Fabaceae","Trepadeira","Mata ciliar, mata de galeria, Cerrado (stricto sensu), Campo rupestre (stricto sensu)","CE, BA, GO, DF, MG, ES, SP, RJ, PR, RS"
"Centrolobium tomentosum","Araribá","Fabaceae","Árvore","Mata ciliar, mata seca, área antrópica","BA, GO, DF, MG, ES, SP, RJ, RS, PR, SC"
"Chamaecrista cathartica","","Fabaceae","Arbusto , subarbusto","Cerrado (stricto sensu), campo sujo, vereda","BA, GO, DF, MG, SP, PR"
"Chamaecrista conferta","","Fabaceae","Subarbusto","Campo limpo, campo rupestre (lato sensu)","TO, PI, GO, DF, MG"
"Chamaecrista desvauxii","","Fabaceae","Subarbusto","Campo rupestre (lato sensu)","BA, MG"
"Chamaecrista lundii","","Fabaceae","Arbusto , subarbusto","Cerrado (stricto sensu), campo sujo","BA, GO, DF, MG"
"Chamaecrista flexuosa","","Fabaceae","Subarbusto","Cerrado (stricto sensu), campo sujo","RR, PA, AM, TO, RO, MA, PI, CE, RN, PB, PE, BA, AL, MT, GO, DF, MS, MG, ES, SP, RJ, PR, SC, RS"
"Chamaecrista racemosa","","Fabaceae","Subarbusto","Cerrado (stricto sensu)","PA, TO, BA, MT, GO, MS, MG"
"Chamaecrista rotundata","","Fabaceae","Subarbusto","Campo rupestre (lato sensu), transição com mata atlântica","MG"
"Chamaecrista ursina","","Fabaceae","Arbusto","Borda de mata de galeria, cerrado (lato sensu), campo rupestre (lato sensu)","MG"
"Clitoria guianensis","","Fabaceae","Subarbusto","Cerrado (lato sensu), campo","RR, AM, PA, AM, TO, MA, PI, CE, PE, BA, MT, GO, DF, MS, MG, ES, SP, PR"
"Dalbergia miscolobium","Jacarandá-do-cerrado, cabiúna","Fabaceae","Árvore","Borda de mata de galeria, cerradão, cerrado (stricto sensu), campo rupestre (lato sensu), carrasco","MA, PI, CE, BA, MT, GO, DF, MS, MG, SP, PR"
"Desmodium discolor","","Fabaceae","Erva","Mata de galeria, cerradão, Cerrado (lato sensu), vereda","AC, MT, GO, DF, MS, MG, SP, RJ, PR, MA, PI, CE, RN, PB, PE, AL, SE, BA"
"Dioclea grandiflora","","Fabaceae","Trepadeira","Mata seca","PI, CE, RN, PB, PE, BA, AL, SE"
"Dypterix alata","Barú","Fabaceae","Árvore","Mata de galeria, mata seca semidecídua, cerradão, Cerrado (stricto sensu), área antropica","TO, MA, PI, CE, BA, MT, GO, DF, MS, MG, SP"
"Enterolobium gummiferum","Rosquinha","Fabaceae","Árvore","Borda de mata de galeria, cerradão, Cerrado (stricto sensu)","PA, MA, PI, BA, MT, GO, DF, MS, MG, SP"
"Eriosema defoliatum","","Fabaceae","Subarbusto","Cerrado (stricto sensu), campo sujo","GO, DF, MG"
"Eriosema glaziovii","","Fabaceae","Erva","Cerrado (stricto sensu), campo sujo","GO, DF"
"Eriosema stenophyllum","","Fabaceae","Erva","Cerrado (lato sensu)","GO, DF, MG"
"Erythrina speciosa","Mulungu, canivete, suinã","Fabaceae","Árvore","Mata seca, área antrópica","BA, GO, DF, MG, ES, SP, RJ, PR, SC"
"Erythrina verna","Mulungu, canivete, suinã","Fabaceae","Árvore","Mata ciliar, mata seca, cerradão, cerrado (lato sensu)","TO, AC, MA, BA, MT, GO, DF, MG, ES, SP, RJ"
"Galactia peduncularis","","Fabaceae","Erva","Cerrado (lato sensu)","GO, DF, MG"
"Harpalyce brasiliana","","Fabaceae","Arvoreta , arbusto","Cerrado (stricto sensu)","PA, TO, MA, PI, CE, PB, BA, MT, GO, MG"
"Hymenaea courbaril","Jatobá, jatobá-da-mata","Fabaceae","Árvore","Mata de galeria","PA, AM, MA, PI, CE, PB, PE, BA, MT, GO, DF, MS, MG, ES, SP, RJ, PR"
"Hymenaea stigonocarpa","jatobá-do-cerrado","Fabaceae","Árvore","Cerradão, cerrado (stricto sensu)","PA, MA, CE, BA, MT, GO, DF, MG, SP"
"Inga laurina","Ingá-branco","Fabaceae","Árvore","Mata de galeria","PA, AM, AC, MA, CE, PB, PE, BA, GO, DF, MS, MG, ES, SP, RJ"
"Lupinus velutinus","","Fabaceae","Subarbusto","Mata de galeria, Cerrado (lato sensu), campo sujo, campo limpo, campo rupestre (lato sensu)","BA, GO, DF, MG, RJ"
"Macroptilium atropurpureum","","Fabaceae","Trepadeira","Cerrado (lato sensu)","PA, BA, MT, GO, DF, MS,MG, SP, RJ, PR"
"Macroptilium erythroloma","","Fabaceae","Trepadeira","Cerrado (lato sensu)","BA, MT, GO, DF, MS, MG, SP, RJ, PR, SC, RS"
"Mimosa caesalpiniifolia","Sabiá, sansão-do-campo, unha-de-gato","Fabaceae","Árvore","Cerrado (lato sensu)","MA, PE, PI"
"Mimosa claussenii","Mimosa","Fabaceae","Arbusto","Cerrado (stricto sensu), campo sujo","GO, DF, MG"
"Mimosa hebecarpa","Angiquinho","Fabaceae","Subarbusto","Cerrado (stricto sensu), mata seca (de encosta)","MT, GO, MS"
"Mimosa nuda","Dorme-dorme","Fabaceae","Subarbusto","Cerrado (lato sensu)","MT, GO, DF, MS, MG, SP, PR"
"Mimosa regina","","Fabaceae","Árvore","Cerrado (lato sensu), campo rupestre (lato sensu)","GO"
"Mimosa sensitiva","","Fabaceae","Arbusto","Cerrado (lato sensu), campo rupestre (lato sensu), área antrópica","PA, AM, MA, PI, CE, PE, BA, MS, MG"
"Parkia platycephala","","Fabaceae","Árvore","Mata seca semidecídua, cerradão, cerrado (stricto sensu), savanas amazônicas","PA, TO, MA, PI, CE, BA, GO,"
"Peltophorum dubium","","Fabaceae","Árvore","Mata seca semidecídua, área antrópica, transição com mata atlântica, cultivada","PB, PE, BA, SE, DF, MS, MG, ES, SP, RJ, PR, SC"
"Piptadenia gonoacantha","Pau-jacaré","Fabaceae","Árvore","Mata de galera, mata seca decídua","RN, PB, PE, BA, AL, SE, MS, MG, ES, SP, RJ, PR, SC, RS"
"Pterodon pubescens","Sucupira-branca","Fabaceae","Árvore","Mata de galeria, cerrado (stricto sensu), carrasco","TO, MA, PI, MT, GO, DF, MS, MG"
"Tachigali aurea","Carvoeiro, tatarena","Fabaceae","Árvore","Mata de galeria, cerrado (lato sensu)","TO, BA, MT, GO, DF, MS, MG, SP"
"Senna macranthera","Fedegoso, Pau-de-besouro","Fabaceae","Árvore","Mata de galeria, cerrado (lato sensu), caatinga","TO, PI, CE, RN, PB, PE, BA, AL, MT, GO, DF, MG, ES, SP, RJ, PR, RS"
"Senna pendula","","Fabaceae","Arbusto","Borda de mata de galeria, cerradão, cerrado (lato sensu), vereda","PA, BA, MT, GO, DF, MS, MG, SP, RJ, PR, SC"
"Senna rugosa","","Fabaceae","Arbusto","Mata de galeria, cerrado (lato sensu), vereda, campo sujo, campo limpo, carrasco","PA, TO, RO, MA, PI, CE, PE, BA, MT, GO, DF, MS, MG, SP, PR"
"Stryphnodendron adstringens","Barbatimão","Fabaceae","Árvore","Cerradão, cerrado (stricto sensu)","TO, BA, MT, GO, DF, MS, MG, SP, PR"
"Stylosanthes scabra","Alfafa-do-nordeste","Fabaceae","Subarbusto","Cerrado (lato sensu), campo rupestre (lato sensu)","RR, PA, MA, PI, CE, RN, PB, PE, BA, AL, MT, GO, DF, MS, MG, ES, SP, RJ"
"Stylosanthes viscosa","Meladinha","Fabaceae","Erva","Cerrado (stricto sensu), campo rupestre (lato sensu)","RR, AM, PA, AM, AC, RO, MA, CE, RN, PB, PE, BA, AL, MT, GO, DF, MS, MG, ES, SP, RJ, PR, SC"
"Calolisianthus speciosus","","Gentianaceae","Erva","Cerrado (lato sensu), campo sujo, campo limpo, campo rupestre (lato sensu)","TO, BA, GO, DF, MG, SP"
"Calolisianthus pedunculatus","","Gentianaceae","Erva ","Campo úmido, campo rupestre (lato sensu)","BA, GO, MG, SP, PR, SC"
"Paliavana tenuiflora","","Gentianaceae","Arbusto","Mata de galeria, campo rupestre (lato sensu)","PB, PE, BA, MG , ES"
"Deianira erubescens","","Gentianaceae","Erva","Borda de mata de galeria, cerrado (stricto sensu), campo sujo","GO, MG, SP"
"Deianira nervosa","","Gentianaceae","Erva","Borda de mata de galeria, cerrado (stricto sensu), campo sujo, campo limpo","MA, BA, GO, DF, MS, MG, SP, PR"
"Deianira pallescens","Boca-se-sapo","Gentianaceae","Subarbusto","Cerrado (stricto sensu), campo sujo, campo limpo","MT, GO, MG, SP"
"Chelonanthus viridiflorus","Genciana-da-terra","Gentianaceae","Subarbusto","Borda de mata de galeria, cerrado (ralo, rupestre), vereda, campo sujo, campo limpo, brejo, campo rupestre (lato sensu), savanas amazônicas","RR"
"Schultesia pachyphylla","","Gentianaceae","Erva","Campo úmido, campo rupestre (lato sensu)","BA"
"Voyria aphylla","","Gentianaceae","Erva","Mata, transição com mata atlântica e com Amazônia","RR, AM, PA, AP, PE, BA, MT, MG, SP, RJ, PR, SC"
"Humiria balsamifera","Umiri-bálsamo","Humiriaceae","Árvore","Mata Ciliar, Mata de Galeria, Cerrado (lato sensu), Savanas amazônicas","RR, AP, PA, AM, TO,MA, PE, BA, MT, GO,MG, RJ"
"Vismia pentagyna","","Hypericaceae","Árvore","Cerrado, Capoeira","BA, GO"
"Cipura xanthomelas","","Iridaceae","Erva","Vereda, Campo Sujo, Campo Limpo, Campo Úmido, Savanas Amazônicas","MA, BA, MT, GO, DF, MS, MG"
"Aegiphila verticillata","Milho-de-grilo","Lamiaceae","Arvoreta ou arbusto","Mata ciliar, mata de galeria, cerrado (lato sensu)","AM, PA, AM, TO, RO, MA, CE,
PB, PE, BA, SE, MT, GO, DF, MS, MG, ES, SP, RJ, PR, SC"
"Nectandra cissiflora","Canela fedida","Lauraceae","Árvore","Mata de Galeria, Mata Seca Semidecídua","PA, AC, PE, BA, MT, GO, DF, MS, MG, SP, PR, RS"
"Cariniana rubra","Jequitibá","Lecythidaceae","Árvore","Mata de Galeria, Mata Seca, Cerrado (lato sensu)","PA, TO, MT, GO"
"Antonia ovata","Quina","Loganiaceae","Arbusto, Subarbusto, Erva","Borda de Mata de Galeria, Cerradão, Cerrado (stricto sensu), Savanas amazônicas, Carrasco, Campo Rupreste","RR, PA, AM, RO, BA, MT, GO, DF, MG"
"Passovia ovata","","Loranthaceae","Hemiparasita","Mata de Galeria, Mata Seca, Mata Ciliar, Cerrado (stricto sensu)","AP, PA, AM, RO, BA, GO"
"Huperzia mooreana","","Lycopodiaceae","Erva","Campo rupestre","BA"
"Cuphea arenarioides","","Lythraceae","Erva, Subarbusto","Cerrado (lato sensu), Borda de Mata de Galeria, Campo rupreste (lato sensu)","GO, DF, MS, MG, SP, PR, SC, RS"
"Banisteriopsis anisandra","Cipó-prata","Malpighiaceae","Trepadeira, Arbusto","Mata Ciliar, Mata de Galeria, Cerrado (lato sensu), Campo Rupestre (lato sensu), Vereda, Campo Sujo, Campo Limpo, Carrasco","BA, GO, DF, MG, SP, MA, MT, MS, PR"
"Cavanillesia umbellata","Barriguda","Malvaceae","Árvore, Erva, Subarbusto","Mata Seca (Decídua), Ambiente rupestre, Transição com a Caatinga","PA, AM, MA, CE, PB, PE, BA, AL, SE, MT, GO, MS, MG, ES, SP, RJ, PR"
"Maranta leuconeura","","Marantaceae","Erva, Subarbusto","Mata Ciliar, Borda de Mata de Galeria","CE, BA, MS, MG, ES, RJ"
"Norantea guianensis","","Marcgraviaceae","Árvore ou liana","Mata Ciliar, Mata de Galeria, Cerrado Rupestre, Campo rupestre (lato sensu)","RO, AM, PA, AP, TO, AC, RR, MA, RN, PB, PE, BA, AL, SE, MT, GO, DF, MS, MG, ES, SP, RJ, PR, SC, RS"
"Mayaca fluviatilis","Lodo","Mayacaceae","Erva aquática ou terrestre","Beira de vazantes e lagoas, veredas","AP, AM, AC, RO, PE, BA, AL, MT, GO, DF, MG, ES, SP, RJ, PR, SC, RS"
"Cambessedesia espora","","Melastomataceae","Erva ereta","Mata de Galeria, Cerrado (lato sensu), Vereda, Campo Sujo, Campo Limpo"," GO, DF, MG, SP, PR"
"Cabralea canjerana","","Meliaceae","Árvore","Mata Ciliar, Mata de Galeria, Mata Seca (Semidecídua, Decídua), Cerradão","RR, PA, AC, BA, MT, GO, DF, MG, SP, RJ, PR, SC, RS"
"Brosimum gaudichaudii","","Moraceae","Arbusto ou árvore","Cerradão, Cerrado (stricto sensu), Campo Sujo","AM, RO, MA, CE, PB, PE, BA, AL, MT, GO, DF, MS, MG, ES, SP, RJ, PR"
"Virola sebifera","Bicuiba-preta","Myristicaceae","Árvore","Mata de Galeria, Mata Seca Semidecídua, Cerradão, Cerrado (lato sensu), Savanas amazônicas","RR, AP, PA, AM, TO, AC, RO, MA, MT, GO, DF, MG, SP, R"
"Myrsine gardneriana","Capororoca","Myrsinaceae","Árvore","Mata de Galeria, Cerrado (lato sensu)","BA, DF, MG, ES, SP, RJ, PR, SC, RS"
"Eugenia calycina","","Myrtaceae","Arbusto","Cerrado (stricto sensu), Vereda, Campo com Murunduns","GO, SP, PR"
"Guapira graciliflora","Maria-mole","Nyctaginaceae","Árvore","Mata de Galeria, Cerradão, Cerrado (lato sensu), Vereda, Carrasco","RO, MA, PI, CE, PE, BA, MT, GO, DF, MS, MG, SP"
"Ludwigia tomentosa","Cruz-de-malta","Onagraceae","Arbusto","Borda de Mata Ciliar, Cerrado (lato sensu), Brejo, Ambiente aquático","TO, BA, MT, GO, DF, MS, MG, SP"
"Sauvagesia erecta","","Ochnaceae","Erva ou subarbusto","Borda de Mata de Galeria, Cerrado (lato sensu), Campo Sujo, Campo Rupestre (lato sensu)","Todo Brasil"
"Polystachia micrantha","","Orchidaceae","Erva epífita","Mata Seca Semidecídua","BA, SP, RS"
"Buchnera juncea","","Orobanchaceae","Erva ereta","Vereda, campo limpo úmido, brejo, campo rupestre (lato sensu), Savanas Amazônicas","RO, AM, PA, AM, AC, MA, PE, BA, MT, GO, DF, MS, MG, SP, PR, SC, RS"
"Oxalis hirsutissima","","Oxalidaceae","Subarbusto","Cerrado (stricto sensu), Campo Limpo, Campo Rupestre (lato sensu)","PA, TO, MT, GO, DF, MG, SP"
"Passiflora nitida","Maracujáde-cheiro","Passifloraceae","Trepadeira","Mata de Galeria, Campo com Murundus","PA, AM, AC, RO, BA, MT, GO, DF"
"Pera glabrat","Sapateiro","Peraceae","Árvore ou arbusto","Mata ciliar, mata de galeria, cerradão, cerrado(lato sensu)","AM, PA, AP, AC, RO, MA, CE, PB, PE, BA, MT, GO, DF, MG, ES, SP, RJ, PR, SC, RS"
"Piper aduncum","Pimenta longa","Piperaceae","Árvore","Mata de Galeria","RR, AP, PA, AM, TO, AC, RO, MA, CE, BA, AL, MT, GO, DF, MS, MG, ES, SP, RJ, PR"
"Echinolaena inflexa","Capim-flecha","Poaceae","Erva perene, cespitosa","Cerrado (stricto sensu), Vereda, Campo Sujo, Campo Limpo, Campo Úmido, Campo Rupestre (stricto sensu), Carrasco, Savanas amazônicas","BA, MT, GO, DF, MS, MG"
"Securidaca diversifolia","","Polygalaceae","Trepadeira","Mata","RR, AP, PA, AM. RO. MA, PI, CE, RN, PB, PE, BA, AL, GO, DF, MS, MG, ES, RJ, PR"
"Triplaris americana","","Polygonaceae","Árvore","Cerradão, Cerrado (lato sensu), Brejo","PA, AM, AC, MT, GO, MS, SP, PR"
"Roupala montana","carne-de-vaca","Proteaceae","Arbusto","Campo Rupestre (lato sensu)","RR, AP, PA, AM, TO, AC, RO, PI, CE, PE, BA, MT, GO, DF, MS, MG, SP, RJ, PR, SC, RS"
"Colubrina glandulosa","","Rhamnaceae","Árvore ou arvoreta","Mata Ciliar, Mata de Galeria, Área antrópica, Cultivada","RR, PA, AC, RO, MA, CE, PB, PE, MT, DF, MG, SP, RJ, PR, SC, RS"
"Cordiera concolor","","Rubiaceae","Arbusto","Mata de Galeria, Cerradão, Cerrado (stricto sensu), Vereda, Campo Rupestre (lato sensu) Carrasco","PA, AM, TO, PE, BA, MT, GO, DF, MS, MG, SP, PR, SC"
"Zanthoxylon rhoifolium","mamica-de-porca","Rutaceae","Árvore","Mata de Galeria, Mata Seca, Cerradão, Cerrado (lato sensu)","RR, AP, PA, AM, TO, AC, RO, MA, PI, CE, RN, PB, PE, BA, AL, SE, MT, GO, DF, MS, MG, ES, SP, RJ, PR, SC, RS"
"Phoradendron caripense","erva de passarinho","Santalaceae","Hemiparasita ou subarbusto","Mata de Galeria, Mata Seca, Cerradão, Cerrado (stricto sensu)","BA, MG, MT, PB, AM"
"Magonia pubescens","","Sapindaceae","Árvore","Borda de mata ciliar, Mata Seca, Cerradão, Cerrado denso","RO, MA, PI, CE, BA, MT, GO, DF, MS, MG, SP"
"Chrysophyllum marginatum","Leiteirinho","Sapotaceae","Árvore","Mata de Galeria, Cerrado","BA, SE, MT, GO, DF, MS, MG, ES, SP, RJ, PR, SC, RS"
"Siparuna guianensis","Negramina","Siparunaceae","Árvore","Mata de Galeria, Mata Seca, Cerradão, Cerrado (stricto sensu)","RO, AP, PA, AM, TO, AC, RO, MA, PI, CE, RN, PB, PE, BA, AL, MT, GO, DF, MS, MG, ES, SP, RJ, PR"
"Simarouba versicolor","Mata-cachorro","Simaroubaceae","Árvore","Mata de Galeria, Mata Seca, Cerradão, Cerrado (stricto sensu), Savanas amazônicas","TO, RO, MA, PI, CE, BA, MG, GO, DF, MS, MG"
"Solanum lycocarpum","fruta-de-lobo","Solanaceae","Arvoreta ou arbusto","Cerrado (stricto sensu), Vereda, Campo Sujo, Área antrópica","BA, MT, GO, DF, MS, MG, ES, SP, RJ, PR"
"Styrax ferrugineus","Laranjinha","Styracaceae","Árvore ou arvoreta","Borda de Mata de Galeria, Cerradão, Cerrado (stricto sensu), Vereda, Campo com Murundus","RO, MT, GO, DF, MS, MG, SP, PR"
"Turnera longiflora","","Turneraceae","Subarbusto","Cerrado (stricto sensu), Campo Sujo, Campo Limpo","TO, GO, DF, MG"
"Cecropia hololeuca","Embaúba-branca","Urticaceae","Árvore","Mata ciliar, área antrópica","BA, MG, ES, SP, RJ"
"Barbacenia umbrosa","","Velloziaceae","Erva","Campo rupestre (lato sensu)","MG"
"Lantana canescens","","Verbenaceae","Arbusto","Borda de mata, área antrópica","AM, PI, CE, RN, PB, PE, BA, AL, MT, GO, DF, MS, MG, SP, RJ, PR,"
"Hybanthus calceolaria","Poaia","Violaceae","Subarbusto","Cerrado (stricto sensu), campo, savanas amazônicas, restinga, área antrópica","RR, PA, AM, TO, MA, PI, CE, RN, PB, PE, BA, AL, SE, MT, DF, MS, MG, ES, SP, RJ"
"Cissus verticillata","","Vitaceae","Trepadeira","Mata ciliar, mata de galeria, mata seca semidecídua, cerrado (lato sensu), brejo, capoeira, área antrópica","RR, AM, PA, AM, TO, AC, RO, MA, PI, CE, RN, PB, PE, BA AL, SE, MT, GO, DF, MS, MG, ES, SP, RJ, PR, SC, RS"
"Callisthene major","Jacaré","Vochysiaceae","Árvore","Borda de mata de galeria, cerrado (lato sensu)","TO, BA, MT, GO, DF, MS, MG, RS, PR, SC"
"Xyris jupicai","Botão-de-ouro","Xyridaceae","Erva","Campo limpo úmido, campo rupestre","BA, DF, GO, MG, SC, TO"
